{
  "feature_order": [
    "pps",
    "bps",
    "pkt_cnt",
    "byte_cnt",
    "uniq_src",
    "uniq_dst",
    "uniq_pair",
    "uniq_flow5",
    "avg_pkts_per_src",
    "avg_pkts_per_dst",
    "src_ip_entropy",
    "dst_ip_entropy",
    "dport_entropy",
    "pktlen_mean",
    "pktlen_var",
    "tcp_cnt",
    "tcp_syn",
    "tcp_ack",
    "tcp_rst",
    "tcp_fin",
    "tcp_psh",
    "tcp_urg",
    "syn_ratio",
    "ack_ratio",
    "rst_ratio",
    "syn_only_ratio",
    "syn_only",
    "ack_only",
    "syn_ack",
    "rst_any",
    "proto_6",
    "proto_17",
    "proto_1"
  ],
  "mean": [
    5770.51171875,
    351210.6875,
    5770.51171875,
    351210.6875,
    1.0625559091567993,
    0.8878462910652161,
    1.0625559091567993,
    1794.1702880859375,
    5480.845703125,
    5770.51171875,
    0.0313064344227314,
    0.0,
    0.07159648090600967,
    72.38164520263672,
    5495.64306640625,
    857.3069458007812,
    392.8038330078125,
    241.27256774902344,
    223.27166748046875,
    0.18230563402175903,
    15.649686813354492,
    0.0,
    0.09298929572105408,
    0.7127126455307007,
    0.05041857808828354,
    0.09197432547807693,
    392.7645263671875,
    241.23146057128906,
    0.039320822805166245,
    223.27166748046875,
    857.3069458007812,
    1396.87939453125,
    3516.3251953125
  ],
  "std": [
    9991.8388671875,
    598883.75,
    9991.8388671875,
    598883.75,
    0.6408892273902893,
    0.31555208563804626,
    0.6408892273902893,
    3548.29296875,
    9676.32421875,
    9991.8388671875,
    0.13483041524887085,
    9.999999974752427e-07,
    0.17374764382839203,
    63.91019058227539,
    33071.4140625,
    1689.37841796875,
    1040.273193359375,
    224.29649353027344,
    616.5603637695312,
    1.4753804206848145,
    13.055588722229004,
    9.999999974752427e-07,
    0.2187737375497818,
    0.4358269274234772,
    0.1206132024526596,
    0.2186141014099121,
    1040.2847900390625,
    224.28836059570312,
    0.24880453944206238,
    616.5603637695312,
    1689.37841796875,
    3551.21484375,
    10078.0380859375
  ],
  "seq_len": 10,
  "class_names": [
    "BENIGN",
    "TCP_SYN_FLOOD",
    "UDP_FLOOD",
    "ICMP_FLOOD",
    "DNS_AMP_FLOOD",
    "LDAP_AMP_FLOOD",
    "MSSQL_AMP_FLOOD",
    "NTP_AMP_FLOOD",
    "NETBIOS_AMP_FLOOD",
    "PORTMAP_AMP_FLOOD",
    "SNMP_AMP_FLOOD",
    "TFTP_FLOOD",
    "UDP_LAG_FLOOD"
  ],
  "benign_class": "BENIGN",
  "attack_threshold": 0.6,
  "model": {
    "hidden": 64,
    "kernel": 3,
    "dropout": 0.2,
    "num_classes": 13
  },
  "model_version": "20260217-181552"
}