{
  "feature_order": [
    "pps",
    "bps",
    "pkt_cnt",
    "byte_cnt",
    "uniq_src",
    "uniq_dst",
    "uniq_pair",
    "uniq_flow5",
    "avg_pkts_per_src",
    "avg_pkts_per_dst",
    "src_ip_entropy",
    "dst_ip_entropy",
    "dport_entropy",
    "pktlen_mean",
    "pktlen_var",
    "tcp_cnt",
    "tcp_syn",
    "tcp_ack",
    "tcp_rst",
    "tcp_fin",
    "tcp_psh",
    "tcp_urg",
    "syn_ratio",
    "ack_ratio",
    "rst_ratio",
    "syn_only_ratio",
    "syn_only",
    "ack_only",
    "syn_ack",
    "rst_any",
    "proto_6",
    "proto_17",
    "proto_1",
    "pps_ma5",
    "pps_ma10",
    "pps_cv5",
    "pkt_ma5",
    "uniq_src_ma5",
    "syn_ratio_ma5",
    "ack_ratio_ma5",
    "burst_ratio5",
    "slope_pps5",
    "pkt_delta1"
  ],
  "mean": [
    120.87608337402344,
    11425.603515625,
    120.87608337402344,
    11425.603515625,
    1.349589228630066,
    0.9534305334091187,
    1.3496471643447876,
    13.009660720825195,
    104.82101440429688,
    120.87197875976562,
    0.09726645797491074,
    3.4984379908564733e-06,
    0.5255463123321533,
    96.21697235107422,
    10831.6455078125,
    113.52169036865234,
    7.850110054016113,
    105.73081970214844,
    0.0,
    0.5944116711616516,
    20.486116409301758,
    0.0,
    0.09185532480478287,
    0.8620567321777344,
    0.0,
    0.09132268279790878,
    7.7908711433410645,
    105.67158508300781,
    0.05923869088292122,
    0.0,
    113.52169036865234,
    3.7160708904266357,
    3.638319969177246,
    0.0,
    0.0,
    0.0,
    0.0,
    0.0,
    0.0,
    0.0,
    0.0,
    0.0,
    0.0
  ],
  "std": [
    79.68234252929688,
    13356.7236328125,
    79.68234252929688,
    13356.7236328125,
    1.1087052822113037,
    0.21102143824100494,
    1.108701467514038,
    17.715805053710938,
    78.51244354248047,
    79.68215942382812,
    0.29598480463027954,
    0.00046093552373349667,
    0.5490118861198425,
    77.10863494873047,
    46300.625,
    82.62256622314453,
    14.9959077835083,
    79.53868865966797,
    9.999999974752427e-07,
    2.1315829753875732,
    11.873260498046875,
    9.999999974752427e-07,
    0.19531308114528656,
    0.2722785770893097,
    9.999999974752427e-07,
    0.19542951881885529,
    15.011199951171875,
    79.50035095214844,
    0.37745022773742676,
    9.999999974752427e-07,
    82.62256622314453,
    8.052106857299805,
    10.363823890686035,
    9.999999974752427e-07,
    9.999999974752427e-07,
    9.999999974752427e-07,
    9.999999974752427e-07,
    9.999999974752427e-07,
    9.999999974752427e-07,
    9.999999974752427e-07,
    9.999999974752427e-07,
    9.999999974752427e-07,
    9.999999974752427e-07
  ],
  "seq_len": 10,
  "class_names": [
    "BENIGN",
    "TCP_SYN_FLOOD",
    "UDP_FLOOD",
    "ICMP_FLOOD"
  ],
  "benign_class": "BENIGN",
  "attack_threshold": 0.6,
  "core_attack_classes": [
    "TCP_SYN_FLOOD",
    "UDP_FLOOD",
    "ICMP_FLOOD"
  ],
  "model": {
    "hidden": 64,
    "kernel": 3,
    "dropout": 0.2,
    "num_classes": 4
  },
  "model_version": "20260311-120852"
}