{
  "feature_order": [
    "pps",
    "bps",
    "pkt_cnt",
    "byte_cnt",
    "uniq_src",
    "uniq_dst",
    "uniq_pair",
    "uniq_flow5",
    "avg_pkts_per_src",
    "avg_pkts_per_dst",
    "src_ip_entropy",
    "dst_ip_entropy",
    "dport_entropy",
    "pktlen_mean",
    "pktlen_var",
    "tcp_cnt",
    "tcp_syn",
    "tcp_ack",
    "tcp_rst",
    "tcp_fin",
    "tcp_psh",
    "tcp_urg",
    "syn_ratio",
    "ack_ratio",
    "rst_ratio",
    "syn_only_ratio",
    "syn_only",
    "ack_only",
    "syn_ack",
    "rst_any",
    "proto_6",
    "proto_17",
    "proto_1"
  ],
  "mean": [
    18.51348876953125,
    6720.97265625,
    18.51348876953125,
    6720.97265625,
    1.0,
    1.0,
    1.0,
    1.0,
    18.51348876953125,
    18.51348876953125,
    0.0,
    0.0,
    0.0,
    404.9425048828125,
    26015.78515625,
    7.732618808746338,
    0.001304099801927805,
    0.15612518787384033,
    0.06410465389490128,
    0.0,
    0.0,
    0.20559947192668915,
    0.0004880669876001775,
    0.01569727435708046,
    0.0148391742259264,
    0.0004880669876001775,
    0.001304099801927805,
    0.15612518787384033,
    0.0,
    0.06410465389490128,
    7.732618808746338,
    6.7315592765808105,
    0.0
  ],
  "std": [
    561.8009643554688,
    113293.3125,
    561.8009643554688,
    113293.3125,
    9.999999974752427e-07,
    9.999999974752427e-07,
    9.999999974752427e-07,
    9.999999974752427e-07,
    561.8009643554688,
    561.8009643554688,
    9.999999974752427e-07,
    9.999999974752427e-07,
    9.999999974752427e-07,
    484.5126037597656,
    248120.59375,
    82.69573974609375,
    0.03609219938516617,
    0.3629859387874603,
    0.24496103823184967,
    9.999999974752427e-07,
    9.999999974752427e-07,
    0.40411874651908875,
    0.01441254373639822,
    0.05271188169717789,
    0.0683247372508049,
    0.01441254373639822,
    0.03609219938516617,
    0.3629859387874603,
    9.999999974752427e-07,
    0.24496103823184967,
    82.69573974609375,
    25.846336364746094,
    9.999999974752427e-07
  ],
  "seq_len": 10,
  "model": {
    "hidden": 64,
    "kernel": 3,
    "dropout": 0.2
  },
  "model_version": "20260201-155624"
}